Workbook
Name ci_alpha: #REF!
Name conf_level: #REF!
Name n_iter: #REF!
Name year_mon: #REF!
Name year_ref: #REF!

Sheet Instructions
A1: This workbook acts as a template for {mocaredd} the Monte Carlo simulations tool for REDD+ uncertainty analysis
A3: Users can build as many tabs as desired but need the 4 building blocks to process a REDD+ carbon accouting and the asosciated incertainty:
A4: user_inputs: describes a few parameters to allow the tool to handle as many configurations as possible. time_periods: describes the diiferent time periods used for building the reference period and the monitoring period(s). AD_lu_transitions: describes the areas of land use/land cover change that generate emissions and or removals. c_stocks: describes the carbon elements necessary to build emission and removal factors associated with the land use transitions
A6: Core interactions
A7: 1. The land use IDs entered in the tab "AD_lu_transitions" (lu_initial_id" and "lu_final_id") must be the same as the land use IDs described in "c_stocks" to match activity data and emission factors 2. Carbon pools AGB and BGB (if not expressed as a root-to-shoot ratio) are either reported as tons of dry matter (DM) or of carbon. If dry matter, a carbon fraction must be entered in "user_inputs" with, if possible, a standard error so that random simulations with be generated for the caron fraction. 3. Degraded land uses must be coded with the same ID as their intact equivalent with a consistent extension (for ex. "ev_deg" is the degraded land use of "ev") and the extension should be noted in the field "dg_ext"of the tab "user_inputs".
A9: How is the data used by {mocaredd}
A10: Upon uploading the data, the app runs 4 processes: (1) check the data to ensure it allows to construct emission factors matching the activity data and generate emission reductions, (2) build the carbon accounting calculations with arithmetic means to give a first idea of the volume of emission reductions, (3) run monte carlo simulations and provide simulation-based emission reductions for the monitoring period(s) desired with their aggregated uncertainty level and (4) turn off the variability of part of the input data to determine their contribution to the overall uncertainty (sensitivity analysis).
A12: Note
A13: For the sake of comparability, all calculations related to emission factors are rounded to 5 digits and all calculations related to activity data and emissions

Sheet user_input_details
A1: input_name | B1: input_description
A2: trunc_pdf | B2: Use truncated distributions to avoid negative values were illogical (TRUE or FALSE)
A3: n_iter | B3: How many simulations (Default 10,000)
A4: ran_seed | B4: Use a seed to reproduce random simulations (recommend setting to NULL the first time)
A5: c_unit | B5: What is the unit of AGB and BGB if included (DM for dry matter or C for carbon)
A6: c_fraction | B6: Carbon fraction value, mandatory if c_unit is "DM"
A7: c_fraction_se | B7: Carbon fraction standard error, mandatory if c_unit is "DM"
A8: c_fraction_pdf | B8: Carbon fraction PDF, mandatory if c_unit is "DM"
A9: dg_ext | B9: extension for degradation land use (ex. "_deg") for the code to identify degradaed LU and their corresponding intact class
A10: dg_pool | B10: If degradation is a ratio of intact forest Cstock, list of pools separated by coma. Any combination of AGB, BGB, DW, LI, SOC or NA if not applicable. Note: the pools not listed in dg_pool will be excluded when calculating the initial vs final Cstocks
A11: ad_annual | B11: Is AD reported in ha/year or in ha (TRUE or FALSE resp.)
A12: conf_level | B12: Confidence level (1 - alpha) between 0 and 1

Sheet setup
A1: n_iter | B1: c_unit | C1: dg_ext | D1: dg_pool | E1: ad_annual | F1: conf_level | G1: digits | H1: ran_seed | I1: trunc_pdf
A2: 10000 | B2: DM | C2: "_deg" | D2: ALL | E2: TRUE | F2: 0.9 | G2: 2 | H2: 3980 | I2: FALSE

Sheet time
A1: period_no | B1: year_start | C1: year_end | D1: period_type
A2: T1 | B2: 2017 | C2: 2017 | D2: REF
A3: T2 | B3: 2018 | C3: 2018 | D3: REF
A4: T3 | B4: 2019 | C4: 2019 | D4: REF
A5: T4 | B5: 2020 | C5: 2020 | D5: REF
A6: T5 | B6: 2021 | C6: 2021 | D6: REF
A7: T6 | B7: 2022 | C7: 2022 | D7: NA
A8: T7 | B8: 2023 | C8: 2023 | D8: MON2
A9: T8 | B9: 2024 | C9: 2024 | D9: MON2

Sheet area
A1: trans_no | B1: trans_period | C1: lu_initial | D1: lu_final | E1: trans_area | F1: trans_se | G1: trans_pdf | H1: trans_pdf_a | I1: trans_pdf_b | J1: trans_pdf_c | K1: redd_activity | L1: lu_init_label | M1: lu_final_label
A2: 1 | B2: T1 | C2: THF | D2: FPc | E2: 1109.0411 | F2: 1109.0371 | G2: normal | K2: DG | L2: =VLOOKUP(C2,'LU CLASS'!$B$2:$E$25,4,FALSE) -> 10-Tropical High Forest | M2: =VLOOKUP(D2,'LU CLASS'!$B$2:$E$25,4,FALSE) -> 51-Plantations commercial
A3: 2 | B3: T1 | C3: THF | D3: CP_a | E3: 3327.1233 | F3: 1919.6117 | G3: normal | K3: DF | L3: =VLOOKUP(C3,'LU CLASS'!$B$2:$E$25,4,FALSE) -> 10-Tropical High Forest | M3: =VLOOKUP(D3,'LU CLASS'!$B$2:$E$25,4,FALSE) -> 72-Cropland_annual
A4: 3 | B4: T1 | C4: THF | D4: GL | E4: 2218.0822 | F4: 1567.8885 | G4: normal | K4: DF | L4: =VLOOKUP(C4,'LU CLASS'!$B$2:$E$25,4,FALSE) -> 10-Tropical High Forest | M4: =VLOOKUP(D4,'LU CLASS'!$B$2:$E$25,4,FALSE) -> 80-Grassland
A5: 4 | B5: T1 | C5: WD | D5: CP_a | E5: 13699.849 | F5: 4809.5039 | G5: normal | K5: DF | L5: =VLOOKUP(C5,'LU CLASS'!$B$2:$E$25,4,FALSE) -> 30-Woodlands | M5: =VLOOKUP(D5,'LU CLASS'!$B$2:$E$25,4,FALSE) -> 72-Cropland_annual
A6: 5 | B6: T1 | C6: WD | D6: GL | E6: 17528.695 | F6: 6274.0777 | G6: normal | K6: DF | L6: =VLOOKUP(C6,'LU CLASS'!$B$2:$E$25,4,FALSE) -> 30-Woodlands | M6: =VLOOKUP(D6,'LU CLASS'!$B$2:$E$25,4,FALSE) -> 80-Grassland
A7: 6 | B7: T1 | C7: WD_fire | D7: WD_fire_deg | E7: 2572.3858 | F7: 2572.3764 | G7: normal | K7: DG | L7: =VLOOKUP(C7,'LU CLASS'!$B$2:$E$25,4,FALSE) -> 31-Woodlands | M7: =VLOOKUP(D7,'LU CLASS'!$B$2:$E$25,4,FALSE) -> 41-Woodlands_Degraded_by_fire
A8: 7 | B8: T1 | C8: WD_other | D8: WD_other_deg | E8: 2572.3858 | F8: 2572.3764 | G8: normal | K8: DG | L8: =VLOOKUP(C8,'LU CLASS'!$B$2:$E$25,4,FALSE) -> 34-Woodlands | M8: =VLOOKUP(D8,'LU CLASS'!$B$2:$E$25,4,FALSE) -> 44-Woodlands_Degraded_by_other
A9: 8 | B9: T2 | C9: THF | D9: CP_p | E9: 1847.9485 | F9: 1847.9418 | G9: normal | K9: DF | L9: =VLOOKUP(C9,'LU CLASS'!$B$2:$E$25,4,FALSE) -> 10-Tropical High Forest | M9: =VLOOKUP(D9,'LU CLASS'!$B$2:$E$25,4,FALSE) -> 71-Cropland_perennial
A10: 9 | B10: T2 | C10: THF | D10: CP_a | E10: 2218.0822 | F10: 1567.8885 | G10: normal | K10: DF | L10: =VLOOKUP(C10,'LU CLASS'!$B$2:$E$25,4,FALSE) -> 10-Tropical High Forest | M10: =VLOOKUP(D10,'LU CLASS'!$B$2:$E$25,4,FALSE) -> 72-Cropland_annual
A11: 10 | B11: T2 | C11: THF | D11: GL | E11: 2218.0822 | F11: 1567.8885 | G11: normal | K11: DF | L11: =VLOOKUP(C11,'LU CLASS'!$B$2:$E$25,4,FALSE) -> 10-Tropical High Forest | M11: =VLOOKUP(D11,'LU CLASS'!$B$2:$E$25,4,FALSE) -> 80-Grassland
A12: 11 | B12: T2 | C12: THF_log | D12: THF_log_deg | E12: 3327.1233 | F12: 1919.6117 | G12: normal | K12: DG | L12: =VLOOKUP(C12,'LU CLASS'!$B$2:$E$25,4,FALSE) -> 12-Tropical High Forest | M12: =VLOOKUP(D12,'LU CLASS'!$B$2:$E$25,4,FALSE) -> 22-Tropical High Forest Degraded by logging
A13: 12 | B13: T2 | C13: WD | D13: CP_p | E13: 2218.0822 | F13: 1567.8885 | G13: normal | K13: DF | L13: =VLOOKUP(C13,'LU CLASS'!$B$2:$E$25,4,FALSE) -> 30-Woodlands | M13: =VLOOKUP(D13,'LU CLASS'!$B$2:$E$25,4,FALSE) -> 71-Cropland_perennial
... A74: 73 | B74: T8 | C74: FPnc | D74: CP_p | E74: 3406 | F74: 2363.0683 | G74: normal | K74: DF | L74: =VLOOKUP(C74,'LU CLASS'!$B$2:$E$25,4,FALSE) -> 52-Plantations non commercial | M74: =VLOOKUP(D74,'LU CLASS'!$B$2:$E$25,4,FALSE) -> 71-Cropland_perennial

Sheet carbon
A1: c_no | B1: c_period | C1: c_lu | D1: c_element | E1: c_unit | F1: c_value | G1: c_se | H1: c_pdf | I1: c_pdf_a | J1: c_pdf_b | K1: c_pdf_c | L1: opt_c_lu_label | M1: opt_c_uperc
A2: 1 | B2: ALL | C2: THF | D2: AGB | E2: DM | F2: 231.7 | G2: 2.787 | H2: normal | L2: =VLOOKUP(C2,'LU CLASS'!$B$2:$E$26,4,FALSE) -> 10-Tropical High Forest | M2: =IF(G2=0,0,ROUND(_xlfn.T.INV.2T(1-setup!$F$2,10000)*G2/F2* 100, setup!$G$2)) -> 1.98
A3: 2 | B3: ALL | C3: THF_otha | D3: AGB | E3: DM | F3: 231.7 | G3: 2.787 | H3: normal | L3: =VLOOKUP(C3,'LU CLASS'!$B$2:$E$26,4,FALSE) -> 11-Tropical High Forest | M3: =IF(G3=0,0,ROUND(_xlfn.T.INV.2T(1-setup!$F$2,10000)*G3/F3* 100, setup!$G$2)) -> 1.98
A4: 3 | B4: ALL | C4: THF_log | D4: AGB | E4: DM | F4: 231.7 | G4: 2.787 | H4: normal | L4: =VLOOKUP(C4,'LU CLASS'!$B$2:$E$26,4,FALSE) -> 12-Tropical High Forest | M4: =IF(G4=0,0,ROUND(_xlfn.T.INV.2T(1-setup!$F$2,10000)*G4/F4* 100, setup!$G$2)) -> 1.98
A5: 4 | B5: ALL | C5: WD | D5: AGB | E5: DM | F5: 17.8 | G5: 1.0078 | H5: normal | L5: =VLOOKUP(C5,'LU CLASS'!$B$2:$E$26,4,FALSE) -> 30-Woodlands | M5: =IF(G5=0,0,ROUND(_xlfn.T.INV.2T(1-setup!$F$2,10000)*G5/F5* 100, setup!$G$2)) -> 9.31
A6: 5 | B6: ALL | C6: WD_fire | D6: AGB | E6: DM | F6: 17.8 | G6: 1.0078 | H6: normal | L6: =VLOOKUP(C6,'LU CLASS'!$B$2:$E$26,4,FALSE) -> 31-Woodlands | M6: =IF(G6=0,0,ROUND(_xlfn.T.INV.2T(1-setup!$F$2,10000)*G6/F6* 100, setup!$G$2)) -> 9.31
A7: 6 | B7: ALL | C7: WD_log | D7: AGB | E7: DM | F7: 17.8 | G7: 1.0078 | H7: normal | L7: =VLOOKUP(C7,'LU CLASS'!$B$2:$E$26,4,FALSE) -> 32-Woodlands | M7: =IF(G7=0,0,ROUND(_xlfn.T.INV.2T(1-setup!$F$2,10000)*G7/F7* 100, setup!$G$2)) -> 9.31
A8: 7 | B8: ALL | C8: WD_charc | D8: AGB | E8: DM | F8: 17.8 | G8: 1.0078 | H8: normal | L8: =VLOOKUP(C8,'LU CLASS'!$B$2:$E$26,4,FALSE) -> 33-Woodlands | M8: =IF(G8=0,0,ROUND(_xlfn.T.INV.2T(1-setup!$F$2,10000)*G8/F8* 100, setup!$G$2)) -> 9.31
A9: 8 | B9: ALL | C9: WD_other | D9: AGB | E9: DM | F9: 17.8 | G9: 1.0078 | H9: normal | L9: =VLOOKUP(C9,'LU CLASS'!$B$2:$E$26,4,FALSE) -> 34-Woodlands | M9: =IF(G9=0,0,ROUND(_xlfn.T.INV.2T(1-setup!$F$2,10000)*G9/F9* 100, setup!$G$2)) -> 9.31
A10: 9 | B10: ALL | C10: FPc | D10: AGB | E10: DM | F10: 98.3 | G10: 7.91 | H10: normal | L10: =VLOOKUP(C10,'LU CLASS'!$B$2:$E$26,4,FALSE) -> 51-Plantations commercial | M10: =IF(G10=0,0,ROUND(_xlfn.T.INV.2T(1-setup!$F$2,10000)*G10/F10* 100, setup!$G$2)) -> 13.24
A11: 10 | B11: ALL | C11: FPnc | D11: AGB | E11: DM | F11: 98.3 | G11: 7.91 | H11: normal | L11: =VLOOKUP(C11,'LU CLASS'!$B$2:$E$26,4,FALSE) -> 52-Plantations non commercial | M11: =IF(G11=0,0,ROUND(_xlfn.T.INV.2T(1-setup!$F$2,10000)*G11/F11* 100, setup!$G$2)) -> 13.24
A12: 11 | B12: ALL | C12: CP_p | D12: AGB | E12: DM | F12: 5.9 | G12: 1.144 | H12: normal | L12: =VLOOKUP(C12,'LU CLASS'!$B$2:$E$26,4,FALSE) -> 71-Cropland_perennial | M12: =IF(G12=0,0,ROUND(_xlfn.T.INV.2T(1-setup!$F$2,10000)*G12/F12* 100, setup!$G$2)) -> 31.9
A13: 12 | B13: ALL | C13: CP_a | D13: AGB | E13: DM | F13: 8.12 | G13: 3.83 | H13: normal | L13: =VLOOKUP(C13,'LU CLASS'!$B$2:$E$26,4,FALSE) -> 72-Cropland_annual | M13: =IF(G13=0,0,ROUND(_xlfn.T.INV.2T(1-setup!$F$2,10000)*G13/F13* 100, setup!$G$2)) -> 77.59
... A15: 14 | B15: ALL | C15: Set | D15: ALL | E15: C | F15: 0 | G15: 0 | H15: normal | L15: =VLOOKUP(C15,'LU CLASS'!$B$2:$E$26,4,FALSE) -> 90-Settlement | M15: =IF(G15=0,0,ROUND(_xlfn.T.INV.2T(1-setup!$F$2,10000)*G15/F15* 100, setup!$G$2)) -> 0
B16: ALL | C16: ALL | D16: CF | E16: NA | F16: 0.47 | G16: 0.013 | H16: normal | L16: =VLOOKUP(C16,'LU CLASS'!$B$2:$E$26,4,FALSE) -> 99-ALL | M16: =IF(G16=0,0,ROUND(_xlfn.T.INV.2T(1-setup!$F$2,10000)*G16/F16* 100, setup!$G$2)) -> 4.55
A17: 32 | B17: ALL | C17: THF_otha_deg | D17: DG_ratio | E17: NA | F17: =1-0.204 -> 0.796 | G17: 0.128 | H17: beta | I17: =ROUND((F17*(1-F17)/(G17*G17)-1)*F17,2) -> 7.09 | J17: =ROUND((F17*(1-F17)/(G17*G17)-1)*(1-F17),2) -> 1.82 | L17: =VLOOKUP(C17,'LU CLASS'!$B$2:$E$26,4,FALSE) -> 21-Tropical High Forest Degraded by other | M17: =IF(G17=0,0,ROUND(_xlfn.T.INV.2T(1-setup!$F$2,10000)*G17/F17* 100, setup!$G$2)) -> 26.45
A18: 33 | B18: ALL | C18: THF_log_deg | D18: DG_ratio | E18: NA | F18: =1-0.108 -> 0.892 | G18: 0.087 | H18: beta | I18: =ROUND((F18*(1-F18)/(G18*G18)-1)*F18,2) -> 10.46 | J18: =ROUND((F18*(1-F18)/(G18*G18)-1)*(1-F18),2) -> 1.27 | L18: =VLOOKUP(C18,'LU CLASS'!$B$2:$E$26,4,FALSE) -> 22-Tropical High Forest Degraded by logging | M18: =IF(G18=0,0,ROUND(_xlfn.T.INV.2T(1-setup!$F$2,10000)*G18/F18* 100, setup!$G$2)) -> 16.04
A19: 28 | B19: ALL | C19: WD_fire_deg | D19: DG_ratio | E19: NA | F19: =1-0.297 -> 0.703 | G19: 0.137 | H19: beta | I19: =ROUND((F19*(1-F19)/(G19*G19)-1)*F19,2) -> 7.12 | J19: =ROUND((F19*(1-F19)/(G19*G19)-1)*(1-F19),2) -> 3.01 | L19: =VLOOKUP(C19,'LU CLASS'!$B$2:$E$26,4,FALSE) -> 41-Woodlands_Degraded_by_fire | M19: =IF(G19=0,0,ROUND(_xlfn.T.INV.2T(1-setup!$F$2,10000)*G19/F19* 100, setup!$G$2)) -> 32.06
A20: 29 | B20: ALL | C20: WD_log_deg | D20: DG_ratio | E20: NA | F20: =1-0.108 -> 0.892 | G20: 0.087 | H20: beta | I20: =ROUND((F20*(1-F20)/(G20*G20)-1)*F20,2) -> 10.46 | J20: =ROUND((F20*(1-F20)/(G20*G20)-1)*(1-F20),2) -> 1.27 | L20: =VLOOKUP(C20,'LU CLASS'!$B$2:$E$26,4,FALSE) -> 42-Woodlands_Degraded_by_logging | M20: =IF(G20=0,0,ROUND(_xlfn.T.INV.2T(1-setup!$F$2,10000)*G20/F20* 100, setup!$G$2)) -> 16.04
A21: 30 | B21: ALL | C21: WD_charc_deg | D21: DG_ratio | E21: NA | F21: =1-0.108 -> 0.892 | G21: 0.087 | H21: beta | I21: =ROUND((F21*(1-F21)/(G21*G21)-1)*F21,2) -> 10.46 | J21: =ROUND((F21*(1-F21)/(G21*G21)-1)*(1-F21),2) -> 1.27 | L21: =VLOOKUP(C21,'LU CLASS'!$B$2:$E$26,4,FALSE) -> 43-Woodlands_Degraded_by_charcoal | M21: =IF(G21=0,0,ROUND(_xlfn.T.INV.2T(1-setup!$F$2,10000)*G21/F21* 100, setup!$G$2)) -> 16.04
A22: 31 | B22: ALL | C22: WD_other_deg | D22: DG_ratio | E22: NA | F22: =1-0.204 -> 0.796 | G22: 0.128 | H22: beta | I22: =ROUND((F22*(1-F22)/(G22*G22)-1)*F22,2) -> 7.09 | J22: =ROUND((F22*(1-F22)/(G22*G22)-1)*(1-F22),2) -> 1.82 | L22: =VLOOKUP(C22,'LU CLASS'!$B$2:$E$26,4,FALSE) -> 44-Woodlands_Degraded_by_other | M22: =IF(G22=0,0,ROUND(_xlfn.T.INV.2T(1-setup!$F$2,10000)*G22/F22* 100, setup!$G$2)) -> 26.45
A23: 15 | B23: ALL | C23: THF | D23: RS | E23: NA | F23: 0.232 | G23: 0.107 | H23: normal | L23: =VLOOKUP(C23,'LU CLASS'!$B$2:$E$26,4,FALSE) -> 10-Tropical High Forest | M23: =IF(G23=0,0,ROUND(_xlfn.T.INV.2T(1-setup!$F$2,10000)*G23/F23* 100, setup!$G$2)) -> 75.87
A24: 16 | B24: ALL | C24: THF_otha | D24: RS | E24: NA | F24: 0.232 | G24: 0.107 | H24: normal | L24: =VLOOKUP(C24,'LU CLASS'!$B$2:$E$26,4,FALSE) -> 11-Tropical High Forest | M24: =IF(G24=0,0,ROUND(_xlfn.T.INV.2T(1-setup!$F$2,10000)*G24/F24* 100, setup!$G$2)) -> 75.87
A25: 17 | B25: ALL | C25: THF_log | D25: RS | E25: NA | F25: 0.232 | G25: 0.107 | H25: normal | L25: =VLOOKUP(C25,'LU CLASS'!$B$2:$E$26,4,FALSE) -> 12-Tropical High Forest | M25: =IF(G25=0,0,ROUND(_xlfn.T.INV.2T(1-setup!$F$2,10000)*G25/F25* 100, setup!$G$2)) -> 75.87
A26: 18 | B26: ALL | C26: WD | D26: RS | E26: NA | F26: 0.332 | G26: 0.247 | H26: normal | L26: =VLOOKUP(C26,'LU CLASS'!$B$2:$E$26,4,FALSE) -> 30-Woodlands | M26: =IF(G26=0,0,ROUND(_xlfn.T.INV.2T(1-setup!$F$2,10000)*G26/F26* 100, setup!$G$2)) -> 122.38
A27: 19 | B27: ALL | C27: WD_fire | D27: RS | E27: NA | F27: 0.332 | G27: 0.247 | H27: normal | L27: =VLOOKUP(C27,'LU CLASS'!$B$2:$E$26,4,FALSE) -> 31-Woodlands | M27: =IF(G27=0,0,ROUND(_xlfn.T.INV.2T(1-setup!$F$2,10000)*G27/F27* 100, setup!$G$2)) -> 122.38
A28: 20 | B28: ALL | C28: WD_log | D28: RS | E28: NA | F28: 0.332 | G28: 0.247 | H28: normal | L28: =VLOOKUP(C28,'LU CLASS'!$B$2:$E$26,4,FALSE) -> 32-Woodlands | M28: =IF(G28=0,0,ROUND(_xlfn.T.INV.2T(1-setup!$F$2,10000)*G28/F28* 100, setup!$G$2)) -> 122.38
A29: 21 | B29: ALL | C29: WD_charc | D29: RS | E29: NA | F29: 0.332 | G29: 0.247 | H29: normal | L29: =VLOOKUP(C29,'LU CLASS'!$B$2:$E$26,4,FALSE) -> 33-Woodlands | M29: =IF(G29=0,0,ROUND(_xlfn.T.INV.2T(1-setup!$F$2,10000)*G29/F29* 100, setup!$G$2)) -> 122.38
A30: 22 | B30: ALL | C30: WD_other | D30: RS | E30: NA | F30: 0.332 | G30: 0.247 | H30: normal | L30: =VLOOKUP(C30,'LU CLASS'!$B$2:$E$26,4,FALSE) -> 34-Woodlands | M30: =IF(G30=0,0,ROUND(_xlfn.T.INV.2T(1-setup!$F$2,10000)*G30/F30* 100, setup!$G$2)) -> 122.38
A31: 23 | B31: ALL | C31: FPc | D31: RS | E31: NA | F31: 0.232 | G31: 0.107 | H31: normal | L31: =VLOOKUP(C31,'LU CLASS'!$B$2:$E$26,4,FALSE) -> 51-Plantations commercial | M31: =IF(G31=0,0,ROUND(_xlfn.T.INV.2T(1-setup!$F$2,10000)*G31/F31* 100, setup!$G$2)) -> 75.87
A32: 24 | B32: ALL | C32: FPnc | D32: RS | E32: NA | F32: 0.232 | G32: 0.107 | H32: normal | L32: =VLOOKUP(C32,'LU CLASS'!$B$2:$E$26,4,FALSE) -> 52-Plantations non commercial | M32: =IF(G32=0,0,ROUND(_xlfn.T.INV.2T(1-setup!$F$2,10000)*G32/F32* 100, setup!$G$2)) -> 75.87
A33: 25 | B33: ALL | C33: CP_p | D33: RS | E33: NA | F33: 0.232 | G33: 0.107 | H33: normal | L33: =VLOOKUP(C33,'LU CLASS'!$B$2:$E$26,4,FALSE) -> 71-Cropland_perennial | M33: =IF(G33=0,0,ROUND(_xlfn.T.INV.2T(1-setup!$F$2,10000)*G33/F33* 100, setup!$G$2)) -> 75.87
A34: 26 | B34: ALL | C34: CP_a | D34: RS | E34: NA | F34: 0.232 | G34: 0.107 | H34: normal | L34: =VLOOKUP(C34,'LU CLASS'!$B$2:$E$26,4,FALSE) -> 72-Cropland_annual | M34: =IF(G34=0,0,ROUND(_xlfn.T.INV.2T(1-setup!$F$2,10000)*G34/F34* 100, setup!$G$2)) -> 75.87
A35: 27 | B35: ALL | C35: GL | D35: RS | E35: NA | F35: 0.332 | G35: 0.247 | H35: normal | L35: =VLOOKUP(C35,'LU CLASS'!$B$2:$E$26,4,FALSE) -> 80-Grassland | M35: =IF(G35=0,0,ROUND(_xlfn.T.INV.2T(1-setup!$F$2,10000)*G35/F35* 100, setup!$G$2)) -> 122.38

Sheet LU CLASS
A1: Num | B1: Code | C1: Label | D1: NumCode | E1: NumLabel
A2: 10 | B2: THF | C2: Tropical High Forest | D2: =A2&"-"&B2 -> 10-THF | E2: =A2&"-"&C2 -> 10-Tropical High Forest
A3: 11 | B3: THF_otha | C3: Tropical High Forest | D3: =A3&"-"&B3 -> 11-THF_otha | E3: =A3&"-"&C3 -> 11-Tropical High Forest
A4: 12 | B4: THF_log | C4: Tropical High Forest | D4: =A4&"-"&B4 -> 12-THF_log | E4: =A4&"-"&C4 -> 12-Tropical High Forest
A5: 20 | B5: THF_deg | C5: Tropical High Forest Degraded | D5: =A5&"-"&B5 -> 20-THF_deg | E5: =A5&"-"&C5 -> 20-Tropical High Forest Degraded
A6: 21 | B6: THF_otha_deg | C6: Tropical High Forest Degraded by other | D6: =A6&"-"&B6 -> 21-THF_otha_deg | E6: =A6&"-"&C6 -> 21-Tropical High Forest Degraded by other
A7: 22 | B7: THF_log_deg | C7: Tropical High Forest Degraded by logging | D7: =A7&"-"&B7 -> 22-THF_log_deg | E7: =A7&"-"&C7 -> 22-Tropical High Forest Degraded by logging
A8: 30 | B8: WD | C8: Woodlands | D8: =A8&"-"&B8 -> 30-WD | E8: =A8&"-"&C8 -> 30-Woodlands
A9: 31 | B9: WD_fire | C9: Woodlands | D9: =A9&"-"&B9 -> 31-WD_fire | E9: =A9&"-"&C9 -> 31-Woodlands
A10: 32 | B10: WD_log | C10: Woodlands | D10: =A10&"-"&B10 -> 32-WD_log | E10: =A10&"-"&C10 -> 32-Woodlands
A11: 33 | B11: WD_charc | C11: Woodlands | D11: =A11&"-"&B11 -> 33-WD_charc | E11: =A11&"-"&C11 -> 33-Woodlands
A12: 34 | B12: WD_other | C12: Woodlands | D12: =A12&"-"&B12 -> 34-WD_other | E12: =A12&"-"&C12 -> 34-Woodlands
A13: 40 | B13: WD_deg | C13: Woodlands_Degraded | D13: =A13&"-"&B13 -> 40-WD_deg | E13: =A13&"-"&C13 -> 40-Woodlands_Degraded
... A26: 99 | B26: ALL | C26: ALL | D26: =A26&"-"&B26 -> 99-ALL | E26: =A26&"-"&C26 -> 99-ALL

Sheet pivot-prepa EFRF
C3: c_element | D3: Values
C4: AGB | D4: AGB | E4: ALL | F4: ALL | G4: CF | H4: CF | I4: DG_ratio | J4: DG_ratio | K4: RS | L4: RS | N4: =A4 -> 0 | O4: =B4 -> 0 | P4: =C4 -> AGB | Q4: =D4 -> AGB | R4: =E4 -> ALL | S4: =F4 -> ALL | T4: =G4 -> CF | U4: =H4 -> CF | ... Y4: =L4 -> RS
A5: c_period | B5: c_lu | C5: Sum of c_value | D5: Sum of opt_c_uperc | E5: Sum of c_value | F5: Sum of opt_c_uperc | G5: Sum of c_value | H5: Sum of opt_c_uperc | I5: Sum of c_value | J5: Sum of opt_c_uperc | K5: Sum of c_value | L5: Sum of opt_c_uperc | N5: =A5 -> c_period | O5: =B5 -> c_lu | P5: =C5 -> Sum of c_value | Q5: =D5 -> Sum of opt_c_uperc | R5: =E5 -> Sum of c_value | S5: =F5 -> Sum of opt_c_uperc | T5: =G5 -> Sum of c_value | U5: =H5 -> Sum of opt_c_uperc | ... Y5: =L5 -> Sum of opt_c_uperc | Z5: carbon_stock | AA5: Uperc | AB5: DG_ratio_key | AC5: DG_ratio_find | AD5: LU_intact | AE5: c_lu2 | AF5: carbon_stock_wDG | AG5: Uperc_wDG
A6: ALL | B6: ALL | G6: 0.47 | H6: 4.55002 | N6: =A6 -> ALL | O6: =B6 -> ALL | P6: =C6 -> 0 | Q6: =D6 -> 0 | R6: =E6 -> 0 | S6: =F6 -> 0 | T6: =G6 -> 0.47 | U6: =H6 -> 4.55002 | ... Y6: =L6 -> 0
A7: ALL | B7: CP_a | C7: 8.12 | D7: 77.5908 | K7: 0.232 | L7: 75.86881 | N7: =A7 -> ALL | O7: =B7 -> CP_a | P7: =C7 -> 8.12 | Q7: =D7 -> 77.5908 | R7: =E7 -> 0 | S7: =F7 -> 0 | T7: =G7 -> 0 | U7: =H7 -> 0 | ... Y7: =L7 -> 75.86881 | Z7: =ROUND($T$6*P7*(1+X7),setup!$G$2) -> 4.7 | AA7: =ROUND(SQRT(U6^2+Q7^2+X7/(1+X7)*Y7^2),setup!$G$2) -> 84.41 | AB7: =REPLACE(REPLACE(setup!$C$2, 1, 1, ""), LEN(setup!$C$2)-1, 1, "") -> _deg | AC7: =ISNUMBER(FIND(REPLACE(REPLACE(setup!$C$2, 1, 1, ""), LEN(setup!$C$2)-1, 1, ""),O7)) -> FALSE | AD7: =IF(AC7, SUBSTITUTE(O7,AB7, ""),"-") -> - | AE7: =O7 -> CP_a | AF7: =IF(AD7="-", Z7,ROUND(V7*VLOOKUP(AD7,$O$6:$AA$26,12, FALSE), setup!$G$2)) -> 4.7 | AG7: =IF(AD7="-", AA7,ROUND(SQRT(W7^2+VLOOKUP(AD7,$O$6:$AA$26,13, FALSE)^2), setup!$G$2)) -> 84.41
A8: ALL | B8: CP_p | C8: 5.9 | D8: 31.89639 | K8: 0.232 | L8: 75.86881 | N8: =A8 -> ALL | O8: =B8 -> CP_p | P8: =C8 -> 5.9 | Q8: =D8 -> 31.89639 | R8: =E8 -> 0 | S8: =F8 -> 0 | T8: =G8 -> 0 | U8: =H8 -> 0 | ... Y8: =L8 -> 75.86881 | Z8: =ROUND($T$6*P8*(1+X8),setup!$G$2) -> 3.42 | AA8: =ROUND(SQRT(U7^2+Q8^2+X8/(1+X8)*Y8^2),setup!$G$2) -> 45.84 | AB8: =REPLACE(REPLACE(setup!$C$2, 1, 1, ""), LEN(setup!$C$2)-1, 1, "") -> _deg | AC8: =ISNUMBER(FIND(REPLACE(REPLACE(setup!$C$2, 1, 1, ""), LEN(setup!$C$2)-1, 1, ""),O8)) -> FALSE | AD8: =IF(AC8, SUBSTITUTE(O8,AB8, ""),"-") -> - | AE8: =O8 -> CP_p | AF8: =IF(AD8="-", Z8,ROUND(V8*VLOOKUP(AD8,$O$6:$AA$26,12, FALSE), setup!$G$2)) -> 3.42 | AG8: =IF(AD8="-", AA8,ROUND(SQRT(W8^2+VLOOKUP(AD8,$O$6:$AA$26,13, FALSE)^2), setup!$G$2)) -> 45.84
A9: ALL | B9: FPc | C9: 98.3 | D9: 13.23703 | K9: 0.232 | L9: 75.86881 | N9: =A9 -> ALL | O9: =B9 -> FPc | P9: =C9 -> 98.3 | Q9: =D9 -> 13.23703 | R9: =E9 -> 0 | S9: =F9 -> 0 | T9: =G9 -> 0 | U9: =H9 -> 0 | ... Y9: =L9 -> 75.86881 | Z9: =ROUND($T$6*P9*(1+X9),setup!$G$2) -> 56.92 | AA9: =ROUND(SQRT(U8^2+Q9^2+X9/(1+X9)*Y9^2),setup!$G$2) -> 35.48 | AB9: =REPLACE(REPLACE(setup!$C$2, 1, 1, ""), LEN(setup!$C$2)-1, 1, "") -> _deg | AC9: =ISNUMBER(FIND(REPLACE(REPLACE(setup!$C$2, 1, 1, ""), LEN(setup!$C$2)-1, 1, ""),O9)) -> FALSE | AD9: =IF(AC9, SUBSTITUTE(O9,AB9, ""),"-") -> - | AE9: =O9 -> FPc | AF9: =IF(AD9="-", Z9,ROUND(V9*VLOOKUP(AD9,$O$6:$AA$26,12, FALSE), setup!$G$2)) -> 56.92 | AG9: =IF(AD9="-", AA9,ROUND(SQRT(W9^2+VLOOKUP(AD9,$O$6:$AA$26,13, FALSE)^2), setup!$G$2)) -> 35.48
A10: ALL | B10: FPnc | C10: 98.3 | D10: 13.23703 | K10: 0.232 | L10: 75.86881 | N10: =A10 -> ALL | O10: =B10 -> FPnc | P10: =C10 -> 98.3 | Q10: =D10 -> 13.23703 | R10: =E10 -> 0 | S10: =F10 -> 0 | T10: =G10 -> 0 | U10: =H10 -> 0 | ... Y10: =L10 -> 75.86881 | Z10: =ROUND($T$6*P10*(1+X10),setup!$G$2) -> 56.92 | AA10: =ROUND(SQRT(U9^2+Q10^2+X10/(1+X10)*Y10^2),setup!$G$2) -> 35.48 | AB10: =REPLACE(REPLACE(setup!$C$2, 1, 1, ""), LEN(setup!$C$2)-1, 1, "") -> _deg | AC10: =ISNUMBER(FIND(REPLACE(REPLACE(setup!$C$2, 1, 1, ""), LEN(setup!$C$2)-1, 1, ""),O10)) -> FALSE | AD10: =IF(AC10, SUBSTITUTE(O10,AB10, ""),"-") -> - | AE10: =O10 -> FPnc | AF10: =IF(AD10="-", Z10,ROUND(V10*VLOOKUP(AD10,$O$6:$AA$26,12, FALSE), setup!$G$2)) -> 56.92 | AG10: =IF(AD10="-", AA10,ROUND(SQRT(W10^2+VLOOKUP(AD10,$O$6:$AA$26,13, FALSE)^2), setup!$G$2)) -> 35.48
A11: ALL | B11: GL | C11: 13 | D11: 6.06121 | K11: 0.332 | L11: 122.38448 | N11: =A11 -> ALL | O11: =B11 -> GL | P11: =C11 -> 13 | Q11: =D11 -> 6.06121 | R11: =E11 -> 0 | S11: =F11 -> 0 | T11: =G11 -> 0 | U11: =H11 -> 0 | ... Y11: =L11 -> 122.38448 | Z11: =ROUND($T$6*P11*(1+X11),setup!$G$2) -> 8.14 | AA11: =ROUND(SQRT(U10^2+Q11^2+X11/(1+X11)*Y11^2),setup!$G$2) -> 61.4 | AB11: =REPLACE(REPLACE(setup!$C$2, 1, 1, ""), LEN(setup!$C$2)-1, 1, "") -> _deg | AC11: =ISNUMBER(FIND(REPLACE(REPLACE(setup!$C$2, 1, 1, ""), LEN(setup!$C$2)-1, 1, ""),O11)) -> FALSE | AD11: =IF(AC11, SUBSTITUTE(O11,AB11, ""),"-") -> - | AE11: =O11 -> GL | AF11: =IF(AD11="-", Z11,ROUND(V11*VLOOKUP(AD11,$O$6:$AA$26,12, FALSE), setup!$G$2)) -> 8.14 | AG11: =IF(AD11="-", AA11,ROUND(SQRT(W11^2+VLOOKUP(AD11,$O$6:$AA$26,13, FALSE)^2), setup!$G$2)) -> 61.4
A12: ALL | B12: Set | E12: 0 | F12: 0 | N12: =A12 -> ALL | O12: =B12 -> Set | P12: =C12 -> 0 | Q12: =D12 -> 0 | R12: =E12 -> 0 | S12: =F12 -> 0 | T12: =G12 -> 0 | U12: =H12 -> 0 | ... Y12: =L12 -> 0 | Z12: =ROUND($T$6*P12*(1+X12),setup!$G$2) -> 0 | AA12: =ROUND(SQRT(U11^2+Q12^2+X12/(1+X12)*Y12^2),setup!$G$2) -> 0 | AB12: =REPLACE(REPLACE(setup!$C$2, 1, 1, ""), LEN(setup!$C$2)-1, 1, "") -> _deg | AC12: =ISNUMBER(FIND(REPLACE(REPLACE(setup!$C$2, 1, 1, ""), LEN(setup!$C$2)-1, 1, ""),O12)) -> FALSE | AD12: =IF(AC12, SUBSTITUTE(O12,AB12, ""),"-") -> - | AE12: =O12 -> Set | AF12: =IF(AD12="-", Z12,ROUND(V12*VLOOKUP(AD12,$O$6:$AA$26,12, FALSE), setup!$G$2)) -> 0 | AG12: =IF(AD12="-", AA12,ROUND(SQRT(W12^2+VLOOKUP(AD12,$O$6:$AA$26,13, FALSE)^2), setup!$G$2)) -> 0
A13: ALL | B13: THF | C13: 231.7 | D13: 1.97869 | K13: 0.232 | L13: 75.86881 | N13: =A13 -> ALL | O13: =B13 -> THF | P13: =C13 -> 231.7 | Q13: =D13 -> 1.97869 | R13: =E13 -> 0 | S13: =F13 -> 0 | T13: =G13 -> 0 | U13: =H13 -> 0 | ... Y13: =L13 -> 75.86881 | Z13: =ROUND($T$6*P13*(1+X13),setup!$G$2) -> 134.16 | AA13: =ROUND(SQRT(U12^2+Q13^2+X13/(1+X13)*Y13^2),setup!$G$2) -> 32.98 | AB13: =REPLACE(REPLACE(setup!$C$2, 1, 1, ""), LEN(setup!$C$2)-1, 1, "") -> _deg | AC13: =ISNUMBER(FIND(REPLACE(REPLACE(setup!$C$2, 1, 1, ""), LEN(setup!$C$2)-1, 1, ""),O13)) -> FALSE | AD13: =IF(AC13, SUBSTITUTE(O13,AB13, ""),"-") -> - | AE13: =O13 -> THF | AF13: =IF(AD13="-", Z13,ROUND(V13*VLOOKUP(AD13,$O$6:$AA$26,12, FALSE), setup!$G$2)) -> 134.16 | AG13: =IF(AD13="-", AA13,ROUND(SQRT(W13^2+VLOOKUP(AD13,$O$6:$AA$26,13, FALSE)^2), setup!$G$2)) -> 32.98
A14: ALL | B14: THF_log | C14: 231.7 | D14: 1.97869 | K14: 0.232 | L14: 75.86881 | N14: =A14 -> ALL | O14: =B14 -> THF_log | P14: =C14 -> 231.7 | Q14: =D14 -> 1.97869 | R14: =E14 -> 0 | S14: =F14 -> 0 | T14: =G14 -> 0 | U14: =H14 -> 0 | ... Y14: =L14 -> 75.86881 | Z14: =ROUND($T$6*P14*(1+X14),setup!$G$2) -> 134.16 | AA14: =ROUND(SQRT(U13^2+Q14^2+X14/(1+X14)*Y14^2),setup!$G$2) -> 32.98 | AB14: =REPLACE(REPLACE(setup!$C$2, 1, 1, ""), LEN(setup!$C$2)-1, 1, "") -> _deg | AC14: =ISNUMBER(FIND(REPLACE(REPLACE(setup!$C$2, 1, 1, ""), LEN(setup!$C$2)-1, 1, ""),O14)) -> FALSE | AD14: =IF(AC14, SUBSTITUTE(O14,AB14, ""),"-") -> - | AE14: =O14 -> THF_log | AF14: =IF(AD14="-", Z14,ROUND(V14*VLOOKUP(AD14,$O$6:$AA$26,12, FALSE), setup!$G$2)) -> 134.16 | AG14: =IF(AD14="-", AA14,ROUND(SQRT(W14^2+VLOOKUP(AD14,$O$6:$AA$26,13, FALSE)^2), setup!$G$2)) -> 32.98
A15: ALL | B15: THF_log_deg | I15: 0.892 | J15: 16.04434 | N15: =A15 -> ALL | O15: =B15 -> THF_log_deg | P15: =C15 -> 0 | Q15: =D15 -> 0 | R15: =E15 -> 0 | S15: =F15 -> 0 | T15: =G15 -> 0 | U15: =H15 -> 0 | ... Y15: =L15 -> 0 | Z15: =ROUND($T$6*P15*(1+X15),setup!$G$2) -> 0 | AA15: =ROUND(SQRT(U14^2+Q15^2+X15/(1+X15)*Y15^2),setup!$G$2) -> 0 | AB15: =REPLACE(REPLACE(setup!$C$2, 1, 1, ""), LEN(setup!$C$2)-1, 1, "") -> _deg | AC15: =ISNUMBER(FIND(REPLACE(REPLACE(setup!$C$2, 1, 1, ""), LEN(setup!$C$2)-1, 1, ""),O15)) -> TRUE | AD15: =IF(AC15, SUBSTITUTE(O15,AB15, ""),"-") -> THF_log | AE15: =O15 -> THF_log_deg | AF15: =IF(AD15="-", Z15,ROUND(V15*VLOOKUP(AD15,$O$6:$AA$26,12, FALSE), setup!$G$2)) -> 119.67 | AG15: =IF(AD15="-", AA15,ROUND(SQRT(W15^2+VLOOKUP(AD15,$O$6:$AA$26,13, FALSE)^2), setup!$G$2)) -> 36.68
A16: ALL | B16: THF_otha | C16: 231.7 | D16: 1.97869 | K16: 0.232 | L16: 75.86881 | N16: =A16 -> ALL | O16: =B16 -> THF_otha | P16: =C16 -> 231.7 | Q16: =D16 -> 1.97869 | R16: =E16 -> 0 | S16: =F16 -> 0 | T16: =G16 -> 0 | U16: =H16 -> 0 | ... Y16: =L16 -> 75.86881 | Z16: =ROUND($T$6*P16*(1+X16),setup!$G$2) -> 134.16 | AA16: =ROUND(SQRT(U15^2+Q16^2+X16/(1+X16)*Y16^2),setup!$G$2) -> 32.98 | AB16: =REPLACE(REPLACE(setup!$C$2, 1, 1, ""), LEN(setup!$C$2)-1, 1, "") -> _deg | AC16: =ISNUMBER(FIND(REPLACE(REPLACE(setup!$C$2, 1, 1, ""), LEN(setup!$C$2)-1, 1, ""),O16)) -> FALSE | AD16: =IF(AC16, SUBSTITUTE(O16,AB16, ""),"-") -> - | AE16: =O16 -> THF_otha | AF16: =IF(AD16="-", Z16,ROUND(V16*VLOOKUP(AD16,$O$6:$AA$26,12, FALSE), setup!$G$2)) -> 134.16 | AG16: =IF(AD16="-", AA16,ROUND(SQRT(W16^2+VLOOKUP(AD16,$O$6:$AA$26,13, FALSE)^2), setup!$G$2)) -> 32.98
A17: ALL | B17: THF_otha_deg | I17: 0.796 | J17: 26.45236 | N17: =A17 -> ALL | O17: =B17 -> THF_otha_deg | P17: =C17 -> 0 | Q17: =D17 -> 0 | R17: =E17 -> 0 | S17: =F17 -> 0 | T17: =G17 -> 0 | U17: =H17 -> 0 | ... Y17: =L17 -> 0 | Z17: =ROUND($T$6*P17*(1+X17),setup!$G$2) -> 0 | AA17: =ROUND(SQRT(U16^2+Q17^2+X17/(1+X17)*Y17^2),setup!$G$2) -> 0 | AB17: =REPLACE(REPLACE(setup!$C$2, 1, 1, ""), LEN(setup!$C$2)-1, 1, "") -> _deg | AC17: =ISNUMBER(FIND(REPLACE(REPLACE(setup!$C$2, 1, 1, ""), LEN(setup!$C$2)-1, 1, ""),O17)) -> TRUE | AD17: =IF(AC17, SUBSTITUTE(O17,AB17, ""),"-") -> THF_otha | AE17: =O17 -> THF_otha_deg | AF17: =IF(AD17="-", Z17,ROUND(V17*VLOOKUP(AD17,$O$6:$AA$26,12, FALSE), setup!$G$2)) -> 106.79 | AG17: =IF(AD17="-", AA17,ROUND(SQRT(W17^2+VLOOKUP(AD17,$O$6:$AA$26,13, FALSE)^2), setup!$G$2)) -> 42.28
A18: ALL | B18: WD | C18: 17.8 | D18: 9.31369 | K18: 0.332 | L18: 122.38448 | N18: =A18 -> ALL | O18: =B18 -> WD | P18: =C18 -> 17.8 | Q18: =D18 -> 9.31369 | R18: =E18 -> 0 | S18: =F18 -> 0 | T18: =G18 -> 0 | U18: =H18 -> 0 | ... Y18: =L18 -> 122.38448 | Z18: =ROUND($T$6*P18*(1+X18),setup!$G$2) -> 11.14 | AA18: =ROUND(SQRT(U17^2+Q18^2+X18/(1+X18)*Y18^2),setup!$G$2) -> 61.81 | AB18: =REPLACE(REPLACE(setup!$C$2, 1, 1, ""), LEN(setup!$C$2)-1, 1, "") -> _deg | AC18: =ISNUMBER(FIND(REPLACE(REPLACE(setup!$C$2, 1, 1, ""), LEN(setup!$C$2)-1, 1, ""),O18)) -> FALSE | AD18: =IF(AC18, SUBSTITUTE(O18,AB18, ""),"-") -> - | AE18: =O18 -> WD | AF18: =IF(AD18="-", Z18,ROUND(V18*VLOOKUP(AD18,$O$6:$AA$26,12, FALSE), setup!$G$2)) -> 11.14 | AG18: =IF(AD18="-", AA18,ROUND(SQRT(W18^2+VLOOKUP(AD18,$O$6:$AA$26,13, FALSE)^2), setup!$G$2)) -> 61.81
A19: ALL | B19: WD_charc | C19: 17.8 | D19: 9.31369 | K19: 0.332 | L19: 122.38448 | N19: =A19 -> ALL | O19: =B19 -> WD_charc | P19: =C19 -> 17.8 | Q19: =D19 -> 9.31369 | R19: =E19 -> 0 | S19: =F19 -> 0 | T19: =G19 -> 0 | U19: =H19 -> 0 | ... Y19: =L19 -> 122.38448 | Z19: =ROUND($T$6*P19*(1+X19),setup!$G$2) -> 11.14 | AA19: =ROUND(SQRT(U18^2+Q19^2+X19/(1+X19)*Y19^2),setup!$G$2) -> 61.81 | AB19: =REPLACE(REPLACE(setup!$C$2, 1, 1, ""), LEN(setup!$C$2)-1, 1, "") -> _deg | AC19: =ISNUMBER(FIND(REPLACE(REPLACE(setup!$C$2, 1, 1, ""), LEN(setup!$C$2)-1, 1, ""),O19)) -> FALSE | AD19: =IF(AC19, SUBSTITUTE(O19,AB19, ""),"-") -> - | AE19: =O19 -> WD_charc | AF19: =IF(AD19="-", Z19,ROUND(V19*VLOOKUP(AD19,$O$6:$AA$26,12, FALSE), setup!$G$2)) -> 11.14 | AG19: =IF(AD19="-", AA19,ROUND(SQRT(W19^2+VLOOKUP(AD19,$O$6:$AA$26,13, FALSE)^2), setup!$G$2)) -> 61.81
A20: ALL | B20: WD_charc_deg | I20: 0.892 | J20: 16.04434 | N20: =A20 -> ALL | O20: =B20 -> WD_charc_deg | P20: =C20 -> 0 | Q20: =D20 -> 0 | R20: =E20 -> 0 | S20: =F20 -> 0 | T20: =G20 -> 0 | U20: =H20 -> 0 | ... Y20: =L20 -> 0 | Z20: =ROUND($T$6*P20*(1+X20),setup!$G$2) -> 0 | AA20: =ROUND(SQRT(U19^2+Q20^2+X20/(1+X20)*Y20^2),setup!$G$2) -> 0 | AB20: =REPLACE(REPLACE(setup!$C$2, 1, 1, ""), LEN(setup!$C$2)-1, 1, "") -> _deg | AC20: =ISNUMBER(FIND(REPLACE(REPLACE(setup!$C$2, 1, 1, ""), LEN(setup!$C$2)-1, 1, ""),O20)) -> TRUE | AD20: =IF(AC20, SUBSTITUTE(O20,AB20, ""),"-") -> WD_charc | AE20: =O20 -> WD_charc_deg | AF20: =IF(AD20="-", Z20,ROUND(V20*VLOOKUP(AD20,$O$6:$AA$26,12, FALSE), setup!$G$2)) -> 9.94 | AG20: =IF(AD20="-", AA20,ROUND(SQRT(W20^2+VLOOKUP(AD20,$O$6:$AA$26,13, FALSE)^2), setup!$G$2)) -> 63.86
A21: ALL | B21: WD_fire | C21: 17.8 | D21: 9.31369 | K21: 0.332 | L21: 122.38448 | N21: =A21 -> ALL | O21: =B21 -> WD_fire | P21: =C21 -> 17.8 | Q21: =D21 -> 9.31369 | R21: =E21 -> 0 | S21: =F21 -> 0 | T21: =G21 -> 0 | U21: =H21 -> 0 | ... Y21: =L21 -> 122.38448 | Z21: =ROUND($T$6*P21*(1+X21),setup!$G$2) -> 11.14 | AA21: =ROUND(SQRT(U20^2+Q21^2+X21/(1+X21)*Y21^2),setup!$G$2) -> 61.81 | AB21: =REPLACE(REPLACE(setup!$C$2, 1, 1, ""), LEN(setup!$C$2)-1, 1, "") -> _deg | AC21: =ISNUMBER(FIND(REPLACE(REPLACE(setup!$C$2, 1, 1, ""), LEN(setup!$C$2)-1, 1, ""),O21)) -> FALSE | AD21: =IF(AC21, SUBSTITUTE(O21,AB21, ""),"-") -> - | AE21: =O21 -> WD_fire | AF21: =IF(AD21="-", Z21,ROUND(V21*VLOOKUP(AD21,$O$6:$AA$26,12, FALSE), setup!$G$2)) -> 11.14 | AG21: =IF(AD21="-", AA21,ROUND(SQRT(W21^2+VLOOKUP(AD21,$O$6:$AA$26,13, FALSE)^2), setup!$G$2)) -> 61.81
A22: ALL | B22: WD_fire_deg | I22: 0.703 | J22: 32.05773 | N22: =A22 -> ALL | O22: =B22 -> WD_fire_deg | P22: =C22 -> 0 | Q22: =D22 -> 0 | R22: =E22 -> 0 | S22: =F22 -> 0 | T22: =G22 -> 0 | U22: =H22 -> 0 | ... Y22: =L22 -> 0 | Z22: =ROUND($T$6*P22*(1+X22),setup!$G$2) -> 0 | AA22: =ROUND(SQRT(U21^2+Q22^2+X22/(1+X22)*Y22^2),setup!$G$2) -> 0 | AB22: =REPLACE(REPLACE(setup!$C$2, 1, 1, ""), LEN(setup!$C$2)-1, 1, "") -> _deg | AC22: =ISNUMBER(FIND(REPLACE(REPLACE(setup!$C$2, 1, 1, ""), LEN(setup!$C$2)-1, 1, ""),O22)) -> TRUE | AD22: =IF(AC22, SUBSTITUTE(O22,AB22, ""),"-") -> WD_fire | AE22: =O22 -> WD_fire_deg | AF22: =IF(AD22="-", Z22,ROUND(V22*VLOOKUP(AD22,$O$6:$AA$26,12, FALSE), setup!$G$2)) -> 7.83 | AG22: =IF(AD22="-", AA22,ROUND(SQRT(W22^2+VLOOKUP(AD22,$O$6:$AA$26,13, FALSE)^2), setup!$G$2)) -> 69.63
A23: ALL | B23: WD_log | C23: 17.8 | D23: 9.31369 | K23: 0.332 | L23: 122.38448 | N23: =A23 -> ALL | O23: =B23 -> WD_log | P23: =C23 -> 17.8 | Q23: =D23 -> 9.31369 | R23: =E23 -> 0 | S23: =F23 -> 0 | T23: =G23 -> 0 | U23: =H23 -> 0 | ... Y23: =L23 -> 122.38448 | Z23: =ROUND($T$6*P23*(1+X23),setup!$G$2) -> 11.14 | AA23: =ROUND(SQRT(U22^2+Q23^2+X23/(1+X23)*Y23^2),setup!$G$2) -> 61.81 | AB23: =REPLACE(REPLACE(setup!$C$2, 1, 1, ""), LEN(setup!$C$2)-1, 1, "") -> _deg | AC23: =ISNUMBER(FIND(REPLACE(REPLACE(setup!$C$2, 1, 1, ""), LEN(setup!$C$2)-1, 1, ""),O23)) -> FALSE | AD23: =IF(AC23, SUBSTITUTE(O23,AB23, ""),"-") -> - | AE23: =O23 -> WD_log | AF23: =IF(AD23="-", Z23,ROUND(V23*VLOOKUP(AD23,$O$6:$AA$26,12, FALSE), setup!$G$2)) -> 11.14 | AG23: =IF(AD23="-", AA23,ROUND(SQRT(W23^2+VLOOKUP(AD23,$O$6:$AA$26,13, FALSE)^2), setup!$G$2)) -> 61.81
A24: ALL | B24: WD_log_deg | I24: 0.892 | J24: 16.04434 | N24: =A24 -> ALL | O24: =B24 -> WD_log_deg | P24: =C24 -> 0 | Q24: =D24 -> 0 | R24: =E24 -> 0 | S24: =F24 -> 0 | T24: =G24 -> 0 | U24: =H24 -> 0 | ... Y24: =L24 -> 0 | Z24: =ROUND($T$6*P24*(1+X24),setup!$G$2) -> 0 | AA24: =ROUND(SQRT(U23^2+Q24^2+X24/(1+X24)*Y24^2),setup!$G$2) -> 0 | AB24: =REPLACE(REPLACE(setup!$C$2, 1, 1, ""), LEN(setup!$C$2)-1, 1, "") -> _deg | AC24: =ISNUMBER(FIND(REPLACE(REPLACE(setup!$C$2, 1, 1, ""), LEN(setup!$C$2)-1, 1, ""),O24)) -> TRUE | AD24: =IF(AC24, SUBSTITUTE(O24,AB24, ""),"-") -> WD_log | AE24: =O24 -> WD_log_deg | AF24: =IF(AD24="-", Z24,ROUND(V24*VLOOKUP(AD24,$O$6:$AA$26,12, FALSE), setup!$G$2)) -> 9.94 | AG24: =IF(AD24="-", AA24,ROUND(SQRT(W24^2+VLOOKUP(AD24,$O$6:$AA$26,13, FALSE)^2), setup!$G$2)) -> 63.86
A25: ALL | B25: WD_other | C25: 17.8 | D25: 9.31369 | K25: 0.332 | L25: 122.38448 | N25: =A25 -> ALL | O25: =B25 -> WD_other | P25: =C25 -> 17.8 | Q25: =D25 -> 9.31369 | R25: =E25 -> 0 | S25: =F25 -> 0 | T25: =G25 -> 0 | U25: =H25 -> 0 | ... Y25: =L25 -> 122.38448 | Z25: =ROUND($T$6*P25*(1+X25),setup!$G$2) -> 11.14 | AA25: =ROUND(SQRT(U24^2+Q25^2+X25/(1+X25)*Y25^2),setup!$G$2) -> 61.81 | AB25: =REPLACE(REPLACE(setup!$C$2, 1, 1, ""), LEN(setup!$C$2)-1, 1, "") -> _deg | AC25: =ISNUMBER(FIND(REPLACE(REPLACE(setup!$C$2, 1, 1, ""), LEN(setup!$C$2)-1, 1, ""),O25)) -> FALSE | AD25: =IF(AC25, SUBSTITUTE(O25,AB25, ""),"-") -> - | AE25: =O25 -> WD_other | AF25: =IF(AD25="-", Z25,ROUND(V25*VLOOKUP(AD25,$O$6:$AA$26,12, FALSE), setup!$G$2)) -> 11.14 | AG25: =IF(AD25="-", AA25,ROUND(SQRT(W25^2+VLOOKUP(AD25,$O$6:$AA$26,13, FALSE)^2), setup!$G$2)) -> 61.81
A26: ALL | B26: WD_other_deg | I26: 0.796 | J26: 26.45236 | N26: =A26 -> ALL | O26: =B26 -> WD_other_deg | P26: =C26 -> 0 | Q26: =D26 -> 0 | R26: =E26 -> 0 | S26: =F26 -> 0 | T26: =G26 -> 0 | U26: =H26 -> 0 | ... Y26: =L26 -> 0 | Z26: =ROUND($T$6*P26*(1+X26),setup!$G$2) -> 0 | AA26: =ROUND(SQRT(U25^2+Q26^2+X26/(1+X26)*Y26^2),setup!$G$2) -> 0 | AB26: =REPLACE(REPLACE(setup!$C$2, 1, 1, ""), LEN(setup!$C$2)-1, 1, "") -> _deg | AC26: =ISNUMBER(FIND(REPLACE(REPLACE(setup!$C$2, 1, 1, ""), LEN(setup!$C$2)-1, 1, ""),O26)) -> TRUE | AD26: =IF(AC26, SUBSTITUTE(O26,AB26, ""),"-") -> WD_other | AE26: =O26 -> WD_other_deg | AF26: =IF(AD26="-", Z26,ROUND(V26*VLOOKUP(AD26,$O$6:$AA$26,12, FALSE), setup!$G$2)) -> 8.87 | AG26: =IF(AD26="-", AA26,ROUND(SQRT(W26^2+VLOOKUP(AD26,$O$6:$AA$26,13, FALSE)^2), setup!$G$2)) -> 67.23

Sheet CALC EFRF
A1: =area!A1 -> trans_no | B1: =area!B1 -> trans_period | C1: =area!C1 -> lu_initial | D1: =area!D1 -> lu_final | E1: cs_initial | F1: cs_initial_uperc | G1: cs_final | H1: cs_final_uperc | I1: efrf | J1: efrf_uperc
A2: =area!A2 -> 1 | B2: =area!B2 -> T1 | C2: =area!C2 -> THF | D2: =area!D2 -> FPc | E2: =VLOOKUP(C2, 'pivot-prepa EFRF'!$AE$7:$AG$26,2,FALSE) -> 134.16 | F2: =VLOOKUP(C2, 'pivot-prepa EFRF'!$AE$7:$AG$26,3,FALSE) -> 32.98 | G2: =VLOOKUP(D2, 'pivot-prepa EFRF'!$AE$7:$AG$26,2,FALSE) -> 56.92 | H2: =VLOOKUP(D2, 'pivot-prepa EFRF'!$AE$7:$AG$26,3,FALSE) -> 35.48 | I2: =ROUND((E2-G2)*44/12,setup!$G$2) -> 283.21 | J2: =SQRT((E2*F2)^2+(G2*H2)^2)/(E2-G2) -> 62.968598
A3: =area!A3 -> 2 | B3: =area!B3 -> T1 | C3: =area!C3 -> THF | D3: =area!D3 -> CP_a | E3: =VLOOKUP(C3, 'pivot-prepa EFRF'!$AE$7:$AG$26,2,FALSE) -> 134.16 | F3: =VLOOKUP(C3, 'pivot-prepa EFRF'!$AE$7:$AG$26,3,FALSE) -> 32.98 | G3: =VLOOKUP(D3, 'pivot-prepa EFRF'!$AE$7:$AG$26,2,FALSE) -> 4.7 | H3: =VLOOKUP(D3, 'pivot-prepa EFRF'!$AE$7:$AG$26,3,FALSE) -> 84.41 | I3: =ROUND((E3-G3)*44/12,setup!$G$2) -> 474.69 | J3: =SQRT((E3*F3)^2+(G3*H3)^2)/(E3-G3) -> 34.314439
A4: =area!A4 -> 3 | B4: =area!B4 -> T1 | C4: =area!C4 -> THF | D4: =area!D4 -> GL | E4: =VLOOKUP(C4, 'pivot-prepa EFRF'!$AE$7:$AG$26,2,FALSE) -> 134.16 | F4: =VLOOKUP(C4, 'pivot-prepa EFRF'!$AE$7:$AG$26,3,FALSE) -> 32.98 | G4: =VLOOKUP(D4, 'pivot-prepa EFRF'!$AE$7:$AG$26,2,FALSE) -> 8.14 | H4: =VLOOKUP(D4, 'pivot-prepa EFRF'!$AE$7:$AG$26,3,FALSE) -> 61.4 | I4: =ROUND((E4-G4)*44/12,setup!$G$2) -> 462.07 | J4: =SQRT((E4*F4)^2+(G4*H4)^2)/(E4-G4) -> 35.333562
A5: =area!A5 -> 4 | B5: =area!B5 -> T1 | C5: =area!C5 -> WD | D5: =area!D5 -> CP_a | E5: =VLOOKUP(C5, 'pivot-prepa EFRF'!$AE$7:$AG$26,2,FALSE) -> 11.14 | F5: =VLOOKUP(C5, 'pivot-prepa EFRF'!$AE$7:$AG$26,3,FALSE) -> 61.81 | G5: =VLOOKUP(D5, 'pivot-prepa EFRF'!$AE$7:$AG$26,2,FALSE) -> 4.7 | H5: =VLOOKUP(D5, 'pivot-prepa EFRF'!$AE$7:$AG$26,3,FALSE) -> 84.41 | I5: =ROUND((E5-G5)*44/12,setup!$G$2) -> 23.61 | J5: =SQRT((E5*F5)^2+(G5*H5)^2)/(E5-G5) -> 123.39708
A6: =area!A6 -> 5 | B6: =area!B6 -> T1 | C6: =area!C6 -> WD | D6: =area!D6 -> GL | E6: =VLOOKUP(C6, 'pivot-prepa EFRF'!$AE$7:$AG$26,2,FALSE) -> 11.14 | F6: =VLOOKUP(C6, 'pivot-prepa EFRF'!$AE$7:$AG$26,3,FALSE) -> 61.81 | G6: =VLOOKUP(D6, 'pivot-prepa EFRF'!$AE$7:$AG$26,2,FALSE) -> 8.14 | H6: =VLOOKUP(D6, 'pivot-prepa EFRF'!$AE$7:$AG$26,3,FALSE) -> 61.4 | I6: =ROUND((E6-G6)*44/12,setup!$G$2) -> 11 | J6: =SQRT((E6*F6)^2+(G6*H6)^2)/(E6-G6) -> 283.61077
A7: =area!A7 -> 6 | B7: =area!B7 -> T1 | C7: =area!C7 -> WD_fire | D7: =area!D7 -> WD_fire_deg | E7: =VLOOKUP(C7, 'pivot-prepa EFRF'!$AE$7:$AG$26,2,FALSE) -> 11.14 | F7: =VLOOKUP(C7, 'pivot-prepa EFRF'!$AE$7:$AG$26,3,FALSE) -> 61.81 | G7: =VLOOKUP(D7, 'pivot-prepa EFRF'!$AE$7:$AG$26,2,FALSE) -> 7.83 | H7: =VLOOKUP(D7, 'pivot-prepa EFRF'!$AE$7:$AG$26,3,FALSE) -> 69.63 | I7: =ROUND((E7-G7)*44/12,setup!$G$2) -> 12.14 | J7: =SQRT((E7*F7)^2+(G7*H7)^2)/(E7-G7) -> 265.33967
A8: =area!A8 -> 7 | B8: =area!B8 -> T1 | C8: =area!C8 -> WD_other | D8: =area!D8 -> WD_other_deg | E8: =VLOOKUP(C8, 'pivot-prepa EFRF'!$AE$7:$AG$26,2,FALSE) -> 11.14 | F8: =VLOOKUP(C8, 'pivot-prepa EFRF'!$AE$7:$AG$26,3,FALSE) -> 61.81 | G8: =VLOOKUP(D8, 'pivot-prepa EFRF'!$AE$7:$AG$26,2,FALSE) -> 8.87 | H8: =VLOOKUP(D8, 'pivot-prepa EFRF'!$AE$7:$AG$26,3,FALSE) -> 67.23 | I8: =ROUND((E8-G8)*44/12,setup!$G$2) -> 8.32 | J8: =SQRT((E8*F8)^2+(G8*H8)^2)/(E8-G8) -> 401.2752
A9: =area!A9 -> 8 | B9: =area!B9 -> T2 | C9: =area!C9 -> THF | D9: =area!D9 -> CP_p | E9: =VLOOKUP(C9, 'pivot-prepa EFRF'!$AE$7:$AG$26,2,FALSE) -> 134.16 | F9: =VLOOKUP(C9, 'pivot-prepa EFRF'!$AE$7:$AG$26,3,FALSE) -> 32.98 | G9: =VLOOKUP(D9, 'pivot-prepa EFRF'!$AE$7:$AG$26,2,FALSE) -> 3.42 | H9: =VLOOKUP(D9, 'pivot-prepa EFRF'!$AE$7:$AG$26,3,FALSE) -> 45.84 | I9: =ROUND((E9-G9)*44/12,setup!$G$2) -> 479.38 | J9: =SQRT((E9*F9)^2+(G9*H9)^2)/(E9-G9) -> 33.863954
A10: =area!A10 -> 9 | B10: =area!B10 -> T2 | C10: =area!C10 -> THF | D10: =area!D10 -> CP_a | E10: =VLOOKUP(C10, 'pivot-prepa EFRF'!$AE$7:$AG$26,2,FALSE) -> 134.16 | F10: =VLOOKUP(C10, 'pivot-prepa EFRF'!$AE$7:$AG$26,3,FALSE) -> 32.98 | G10: =VLOOKUP(D10, 'pivot-prepa EFRF'!$AE$7:$AG$26,2,FALSE) -> 4.7 | H10: =VLOOKUP(D10, 'pivot-prepa EFRF'!$AE$7:$AG$26,3,FALSE) -> 84.41 | I10: =ROUND((E10-G10)*44/12,setup!$G$2) -> 474.69 | J10: =SQRT((E10*F10)^2+(G10*H10)^2)/(E10-G10) -> 34.314439
A11: =area!A11 -> 10 | B11: =area!B11 -> T2 | C11: =area!C11 -> THF | D11: =area!D11 -> GL | E11: =VLOOKUP(C11, 'pivot-prepa EFRF'!$AE$7:$AG$26,2,FALSE) -> 134.16 | F11: =VLOOKUP(C11, 'pivot-prepa EFRF'!$AE$7:$AG$26,3,FALSE) -> 32.98 | G11: =VLOOKUP(D11, 'pivot-prepa EFRF'!$AE$7:$AG$26,2,FALSE) -> 8.14 | H11: =VLOOKUP(D11, 'pivot-prepa EFRF'!$AE$7:$AG$26,3,FALSE) -> 61.4 | I11: =ROUND((E11-G11)*44/12,setup!$G$2) -> 462.07 | J11: =SQRT((E11*F11)^2+(G11*H11)^2)/(E11-G11) -> 35.333562
A12: =area!A12 -> 11 | B12: =area!B12 -> T2 | C12: =area!C12 -> THF_log | D12: =area!D12 -> THF_log_deg | E12: =VLOOKUP(C12, 'pivot-prepa EFRF'!$AE$7:$AG$26,2,FALSE) -> 134.16 | F12: =VLOOKUP(C12, 'pivot-prepa EFRF'!$AE$7:$AG$26,3,FALSE) -> 32.98 | G12: =VLOOKUP(D12, 'pivot-prepa EFRF'!$AE$7:$AG$26,2,FALSE) -> 119.67 | H12: =VLOOKUP(D12, 'pivot-prepa EFRF'!$AE$7:$AG$26,3,FALSE) -> 36.68 | I12: =ROUND((E12-G12)*44/12,setup!$G$2) -> 53.13 | J12: =SQRT((E12*F12)^2+(G12*H12)^2)/(E12-G12) -> 430.12795
A13: =area!A13 -> 12 | B13: =area!B13 -> T2 | C13: =area!C13 -> WD | D13: =area!D13 -> CP_p | E13: =VLOOKUP(C13, 'pivot-prepa EFRF'!$AE$7:$AG$26,2,FALSE) -> 11.14 | F13: =VLOOKUP(C13, 'pivot-prepa EFRF'!$AE$7:$AG$26,3,FALSE) -> 61.81 | G13: =VLOOKUP(D13, 'pivot-prepa EFRF'!$AE$7:$AG$26,2,FALSE) -> 3.42 | H13: =VLOOKUP(D13, 'pivot-prepa EFRF'!$AE$7:$AG$26,3,FALSE) -> 45.84 | I13: =ROUND((E13-G13)*44/12,setup!$G$2) -> 28.31 | J13: =SQRT((E13*F13)^2+(G13*H13)^2)/(E13-G13) -> 91.474742
... A74: =area!A74 -> 73 | B74: =area!B74 -> T8 | C74: =area!C74 -> FPnc | D74: =area!D74 -> CP_p | E74: =VLOOKUP(C74, 'pivot-prepa EFRF'!$AE$7:$AG$26,2,FALSE) -> 56.92 | F74: =VLOOKUP(C74, 'pivot-prepa EFRF'!$AE$7:$AG$26,3,FALSE) -> 35.48 | G74: =VLOOKUP(D74, 'pivot-prepa EFRF'!$AE$7:$AG$26,2,FALSE) -> 3.42 | H74: =VLOOKUP(D74, 'pivot-prepa EFRF'!$AE$7:$AG$26,3,FALSE) -> 45.84 | I74: =ROUND((E74-G74)*44/12,setup!$G$2) -> 196.17 | J74: =SQRT((E74*F74)^2+(G74*H74)^2)/(E74-G74) -> 37.861635

Sheet CALC E
A1: =area!A1 -> trans_no | B1: =area!B1 -> trans_period | C1: =area!C1 -> lu_initial | D1: =area!D1 -> lu_final | E1: =area!E1 -> trans_area | F1: =area!F1 -> trans_se | G1: =area!G1 -> trans_pdf | H1: =area!H1 -> trans_pdf_a | ... M1: =area!M1 -> lu_final_label | N1: year_start | O1: year_end | P1: period_type | Q1: nb_years | R1: trans_uperc | S1: EFRF | T1: EFRF_Uperc | U1: E | V1: E_year | W1: E_uperc | X1: ExUperc2
A2: =area!A2 -> 1 | B2: =area!B2 -> T1 | C2: =area!C2 -> THF | D2: =area!D2 -> FPc | E2: =area!E2 -> 1109.0411 | F2: =area!F2 -> 1109.0371 | G2: =area!G2 -> normal | H2: =area!H2 -> 0 | ... M2: =area!M2 -> 51-Plantations commercial | N2: =VLOOKUP('CALC E'!B2,time!$A$2:$D$9,2,FALSE) -> 2017 | O2: =VLOOKUP('CALC E'!B2,time!$A$2:$D$9,3,FALSE) -> 2017 | P2: =VLOOKUP('CALC E'!B2,time!$A$2:$D$9,4,FALSE) -> REF | Q2: =O2-N2+1 -> 1 | R2: =ROUND(_xlfn.T.INV.2T(1 - setup!$F$2, 10000)*F2/E2*100,setup!$G$2) -> 164.5 | S2: {=_xlfn.XLOOKUP(1, ('CALC EFRF'!$C$2:$C$74='CALC E'!C2)*('CALC EFRF'!$D$2:$D$74='CALC E'!D2),'CALC EFRF'!$I$2:$I$74)} -> 283.21 | T2: {=_xlfn.XLOOKUP(1, ('CALC EFRF'!$C$2:$C$74='CALC E'!C2)*('CALC EFRF'!$D$2:$D$74='CALC E'!D2),'CALC EFRF'!$J$2:$J$74)} -> 62.968598 | U2: =ROUND(E2*S2,setup!$G$2) -> 314091.53 | V2: =IF(setup!$E$2,'CALC E'!U2,'CALC E'!U2/'CALC E'!Q2) -> 314091.53 | W2: =ROUND(SQRT(R2^2+T2^2),setup!$G$2) -> 176.14 | X2: =(W2*V2)^2 -> 3.0607541e+15
A3: =area!A3 -> 2 | B3: =area!B3 -> T1 | C3: =area!C3 -> THF | D3: =area!D3 -> CP_a | E3: =area!E3 -> 3327.1233 | F3: =area!F3 -> 1919.6117 | G3: =area!G3 -> normal | H3: =area!H3 -> 0 | ... M3: =area!M3 -> 72-Cropland_annual | N3: =VLOOKUP('CALC E'!B3,time!$A$2:$D$9,2,FALSE) -> 2017 | O3: =VLOOKUP('CALC E'!B3,time!$A$2:$D$9,3,FALSE) -> 2017 | P3: =VLOOKUP('CALC E'!B3,time!$A$2:$D$9,4,FALSE) -> REF | Q3: =O3-N3+1 -> 1 | R3: =ROUND(_xlfn.T.INV.2T(1 - setup!$F$2, 10000)*F3/E3*100,setup!$G$2) -> 94.91 | S3: {=_xlfn.XLOOKUP(1, ('CALC EFRF'!$C$2:$C$74='CALC E'!C3)*('CALC EFRF'!$D$2:$D$74='CALC E'!D3),'CALC EFRF'!$I$2:$I$74)} -> 474.69 | T3: {=_xlfn.XLOOKUP(1, ('CALC EFRF'!$C$2:$C$74='CALC E'!C3)*('CALC EFRF'!$D$2:$D$74='CALC E'!D3),'CALC EFRF'!$J$2:$J$74)} -> 34.314439 | U3: =ROUND(E3*S3,setup!$G$2) -> 1579352.2 | V3: =IF(setup!$E$2,'CALC E'!U3,'CALC E'!U3/'CALC E'!Q3) -> 1579352.2 | W3: =ROUND(SQRT(R3^2+T3^2),setup!$G$2) -> 100.92 | X3: =(W3*V3)^2 -> 2.5404605e+16
A4: =area!A4 -> 3 | B4: =area!B4 -> T1 | C4: =area!C4 -> THF | D4: =area!D4 -> GL | E4: =area!E4 -> 2218.0822 | F4: =area!F4 -> 1567.8885 | G4: =area!G4 -> normal | H4: =area!H4 -> 0 | ... M4: =area!M4 -> 80-Grassland | N4: =VLOOKUP('CALC E'!B4,time!$A$2:$D$9,2,FALSE) -> 2017 | O4: =VLOOKUP('CALC E'!B4,time!$A$2:$D$9,3,FALSE) -> 2017 | P4: =VLOOKUP('CALC E'!B4,time!$A$2:$D$9,4,FALSE) -> REF | Q4: =O4-N4+1 -> 1 | R4: =ROUND(_xlfn.T.INV.2T(1 - setup!$F$2, 10000)*F4/E4*100,setup!$G$2) -> 116.28 | S4: {=_xlfn.XLOOKUP(1, ('CALC EFRF'!$C$2:$C$74='CALC E'!C4)*('CALC EFRF'!$D$2:$D$74='CALC E'!D4),'CALC EFRF'!$I$2:$I$74)} -> 462.07 | T4: {=_xlfn.XLOOKUP(1, ('CALC EFRF'!$C$2:$C$74='CALC E'!C4)*('CALC EFRF'!$D$2:$D$74='CALC E'!D4),'CALC EFRF'!$J$2:$J$74)} -> 35.333562 | U4: =ROUND(E4*S4,setup!$G$2) -> 1024909.3 | V4: =IF(setup!$E$2,'CALC E'!U4,'CALC E'!U4/'CALC E'!Q4) -> 1024909.3 | W4: =ROUND(SQRT(R4^2+T4^2),setup!$G$2) -> 121.53 | X4: =(W4*V4)^2 -> 1.5514502e+16
A5: =area!A5 -> 4 | B5: =area!B5 -> T1 | C5: =area!C5 -> WD | D5: =area!D5 -> CP_a | E5: =area!E5 -> 13699.849 | F5: =area!F5 -> 4809.5039 | G5: =area!G5 -> normal | H5: =area!H5 -> 0 | ... M5: =area!M5 -> 72-Cropland_annual | N5: =VLOOKUP('CALC E'!B5,time!$A$2:$D$9,2,FALSE) -> 2017 | O5: =VLOOKUP('CALC E'!B5,time!$A$2:$D$9,3,FALSE) -> 2017 | P5: =VLOOKUP('CALC E'!B5,time!$A$2:$D$9,4,FALSE) -> REF | Q5: =O5-N5+1 -> 1 | R5: =ROUND(_xlfn.T.INV.2T(1 - setup!$F$2, 10000)*F5/E5*100,setup!$G$2) -> 57.75 | S5: {=_xlfn.XLOOKUP(1, ('CALC EFRF'!$C$2:$C$74='CALC E'!C5)*('CALC EFRF'!$D$2:$D$74='CALC E'!D5),'CALC EFRF'!$I$2:$I$74)} -> 23.61 | T5: {=_xlfn.XLOOKUP(1, ('CALC EFRF'!$C$2:$C$74='CALC E'!C5)*('CALC EFRF'!$D$2:$D$74='CALC E'!D5),'CALC EFRF'!$J$2:$J$74)} -> 123.39708 | U5: =ROUND(E5*S5,setup!$G$2) -> 323453.43 | V5: =IF(setup!$E$2,'CALC E'!U5,'CALC E'!U5/'CALC E'!Q5) -> 323453.43 | W5: =ROUND(SQRT(R5^2+T5^2),setup!$G$2) -> 136.24 | X5: =(W5*V5)^2 -> 1.9419265e+15
A6: =area!A6 -> 5 | B6: =area!B6 -> T1 | C6: =area!C6 -> WD | D6: =area!D6 -> GL | E6: =area!E6 -> 17528.695 | F6: =area!F6 -> 6274.0777 | G6: =area!G6 -> normal | H6: =area!H6 -> 0 | ... M6: =area!M6 -> 80-Grassland | N6: =VLOOKUP('CALC E'!B6,time!$A$2:$D$9,2,FALSE) -> 2017 | O6: =VLOOKUP('CALC E'!B6,time!$A$2:$D$9,3,FALSE) -> 2017 | P6: =VLOOKUP('CALC E'!B6,time!$A$2:$D$9,4,FALSE) -> REF | Q6: =O6-N6+1 -> 1 | R6: =ROUND(_xlfn.T.INV.2T(1 - setup!$F$2, 10000)*F6/E6*100,setup!$G$2) -> 58.88 | S6: {=_xlfn.XLOOKUP(1, ('CALC EFRF'!$C$2:$C$74='CALC E'!C6)*('CALC EFRF'!$D$2:$D$74='CALC E'!D6),'CALC EFRF'!$I$2:$I$74)} -> 11 | T6: {=_xlfn.XLOOKUP(1, ('CALC EFRF'!$C$2:$C$74='CALC E'!C6)*('CALC EFRF'!$D$2:$D$74='CALC E'!D6),'CALC EFRF'!$J$2:$J$74)} -> 283.61077 | U6: =ROUND(E6*S6,setup!$G$2) -> 192815.64 | V6: =IF(setup!$E$2,'CALC E'!U6,'CALC E'!U6/'CALC E'!Q6) -> 192815.64 | W6: =ROUND(SQRT(R6^2+T6^2),setup!$G$2) -> 289.66 | X6: =(W6*V6)^2 -> 3.1193318e+15
A7: =area!A7 -> 6 | B7: =area!B7 -> T1 | C7: =area!C7 -> WD_fire | D7: =area!D7 -> WD_fire_deg | E7: =area!E7 -> 2572.3858 | F7: =area!F7 -> 2572.3764 | G7: =area!G7 -> normal | H7: =area!H7 -> 0 | ... M7: =area!M7 -> 41-Woodlands_Degraded_by_fire | N7: =VLOOKUP('CALC E'!B7,time!$A$2:$D$9,2,FALSE) -> 2017 | O7: =VLOOKUP('CALC E'!B7,time!$A$2:$D$9,3,FALSE) -> 2017 | P7: =VLOOKUP('CALC E'!B7,time!$A$2:$D$9,4,FALSE) -> REF | Q7: =O7-N7+1 -> 1 | R7: =ROUND(_xlfn.T.INV.2T(1 - setup!$F$2, 10000)*F7/E7*100,setup!$G$2) -> 164.5 | S7: {=_xlfn.XLOOKUP(1, ('CALC EFRF'!$C$2:$C$74='CALC E'!C7)*('CALC EFRF'!$D$2:$D$74='CALC E'!D7),'CALC EFRF'!$I$2:$I$74)} -> 12.14 | T7: {=_xlfn.XLOOKUP(1, ('CALC EFRF'!$C$2:$C$74='CALC E'!C7)*('CALC EFRF'!$D$2:$D$74='CALC E'!D7),'CALC EFRF'!$J$2:$J$74)} -> 265.33967 | U7: =ROUND(E7*S7,setup!$G$2) -> 31228.76 | V7: =IF(setup!$E$2,'CALC E'!U7,'CALC E'!U7/'CALC E'!Q7) -> 31228.76 | W7: =ROUND(SQRT(R7^2+T7^2),setup!$G$2) -> 312.19 | X7: =(W7*V7)^2 -> 9.5048979e+13
A8: =area!A8 -> 7 | B8: =area!B8 -> T1 | C8: =area!C8 -> WD_other | D8: =area!D8 -> WD_other_deg | E8: =area!E8 -> 2572.3858 | F8: =area!F8 -> 2572.3764 | G8: =area!G8 -> normal | H8: =area!H8 -> 0 | ... M8: =area!M8 -> 44-Woodlands_Degraded_by_other | N8: =VLOOKUP('CALC E'!B8,time!$A$2:$D$9,2,FALSE) -> 2017 | O8: =VLOOKUP('CALC E'!B8,time!$A$2:$D$9,3,FALSE) -> 2017 | P8: =VLOOKUP('CALC E'!B8,time!$A$2:$D$9,4,FALSE) -> REF | Q8: =O8-N8+1 -> 1 | R8: =ROUND(_xlfn.T.INV.2T(1 - setup!$F$2, 10000)*F8/E8*100,setup!$G$2) -> 164.5 | S8: {=_xlfn.XLOOKUP(1, ('CALC EFRF'!$C$2:$C$74='CALC E'!C8)*('CALC EFRF'!$D$2:$D$74='CALC E'!D8),'CALC EFRF'!$I$2:$I$74)} -> 8.32 | T8: {=_xlfn.XLOOKUP(1, ('CALC EFRF'!$C$2:$C$74='CALC E'!C8)*('CALC EFRF'!$D$2:$D$74='CALC E'!D8),'CALC EFRF'!$J$2:$J$74)} -> 401.2752 | U8: =ROUND(E8*S8,setup!$G$2) -> 21402.25 | V8: =IF(setup!$E$2,'CALC E'!U8,'CALC E'!U8/'CALC E'!Q8) -> 21402.25 | W8: =ROUND(SQRT(R8^2+T8^2),setup!$G$2) -> 433.68 | X8: =(W8*V8)^2 -> 8.6150471e+13
A9: =area!A9 -> 8 | B9: =area!B9 -> T2 | C9: =area!C9 -> THF | D9: =area!D9 -> CP_p | E9: =area!E9 -> 1847.9485 | F9: =area!F9 -> 1847.9418 | G9: =area!G9 -> normal | H9: =area!H9 -> 0 | ... M9: =area!M9 -> 71-Cropland_perennial | N9: =VLOOKUP('CALC E'!B9,time!$A$2:$D$9,2,FALSE) -> 2018 | O9: =VLOOKUP('CALC E'!B9,time!$A$2:$D$9,3,FALSE) -> 2018 | P9: =VLOOKUP('CALC E'!B9,time!$A$2:$D$9,4,FALSE) -> REF | Q9: =O9-N9+1 -> 1 | R9: =ROUND(_xlfn.T.INV.2T(1 - setup!$F$2, 10000)*F9/E9*100,setup!$G$2) -> 164.5 | S9: {=_xlfn.XLOOKUP(1, ('CALC EFRF'!$C$2:$C$74='CALC E'!C9)*('CALC EFRF'!$D$2:$D$74='CALC E'!D9),'CALC EFRF'!$I$2:$I$74)} -> 479.38 | T9: {=_xlfn.XLOOKUP(1, ('CALC EFRF'!$C$2:$C$74='CALC E'!C9)*('CALC EFRF'!$D$2:$D$74='CALC E'!D9),'CALC EFRF'!$J$2:$J$74)} -> 33.863954 | U9: =ROUND(E9*S9,setup!$G$2) -> 885869.57 | V9: =IF(setup!$E$2,'CALC E'!U9,'CALC E'!U9/'CALC E'!Q9) -> 885869.57 | W9: =ROUND(SQRT(R9^2+T9^2),setup!$G$2) -> 167.95 | X9: =(W9*V9)^2 -> 2.2136022e+16
A10: =area!A10 -> 9 | B10: =area!B10 -> T2 | C10: =area!C10 -> THF | D10: =area!D10 -> CP_a | E10: =area!E10 -> 2218.0822 | F10: =area!F10 -> 1567.8885 | G10: =area!G10 -> normal | H10: =area!H10 -> 0 | ... M10: =area!M10 -> 72-Cropland_annual | N10: =VLOOKUP('CALC E'!B10,time!$A$2:$D$9,2,FALSE) -> 2018 | O10: =VLOOKUP('CALC E'!B10,time!$A$2:$D$9,3,FALSE) -> 2018 | P10: =VLOOKUP('CALC E'!B10,time!$A$2:$D$9,4,FALSE) -> REF | Q10: =O10-N10+1 -> 1 | R10: =ROUND(_xlfn.T.INV.2T(1 - setup!$F$2, 10000)*F10/E10*100,setup!$G$2) -> 116.28 | S10: {=_xlfn.XLOOKUP(1, ('CALC EFRF'!$C$2:$C$74='CALC E'!C10)*('CALC EFRF'!$D$2:$D$74='CALC E'!D10),'CALC EFRF'!$I$2:$I$74)} -> 474.69 | T10: {=_xlfn.XLOOKUP(1, ('CALC EFRF'!$C$2:$C$74='CALC E'!C10)*('CALC EFRF'!$D$2:$D$74='CALC E'!D10),'CALC EFRF'!$J$2:$J$74)} -> 34.314439 | U10: =ROUND(E10*S10,setup!$G$2) -> 1052901.4 | V10: =IF(setup!$E$2,'CALC E'!U10,'CALC E'!U10/'CALC E'!Q10) -> 1052901.4 | W10: =ROUND(SQRT(R10^2+T10^2),setup!$G$2) -> 121.24 | X10: =(W10*V10)^2 -> 1.6295485e+16
A11: =area!A11 -> 10 | B11: =area!B11 -> T2 | C11: =area!C11 -> THF | D11: =area!D11 -> GL | E11: =area!E11 -> 2218.0822 | F11: =area!F11 -> 1567.8885 | G11: =area!G11 -> normal | H11: =area!H11 -> 0 | ... M11: =area!M11 -> 80-Grassland | N11: =VLOOKUP('CALC E'!B11,time!$A$2:$D$9,2,FALSE) -> 2018 | O11: =VLOOKUP('CALC E'!B11,time!$A$2:$D$9,3,FALSE) -> 2018 | P11: =VLOOKUP('CALC E'!B11,time!$A$2:$D$9,4,FALSE) -> REF | Q11: =O11-N11+1 -> 1 | R11: =ROUND(_xlfn.T.INV.2T(1 - setup!$F$2, 10000)*F11/E11*100,setup!$G$2) -> 116.28 | S11: {=_xlfn.XLOOKUP(1, ('CALC EFRF'!$C$2:$C$74='CALC E'!C11)*('CALC EFRF'!$D$2:$D$74='CALC E'!D11),'CALC EFRF'!$I$2:$I$74)} -> 462.07 | T11: {=_xlfn.XLOOKUP(1, ('CALC EFRF'!$C$2:$C$74='CALC E'!C11)*('CALC EFRF'!$D$2:$D$74='CALC E'!D11),'CALC EFRF'!$J$2:$J$74)} -> 35.333562 | U11: =ROUND(E11*S11,setup!$G$2) -> 1024909.3 | V11: =IF(setup!$E$2,'CALC E'!U11,'CALC E'!U11/'CALC E'!Q11) -> 1024909.3 | W11: =ROUND(SQRT(R11^2+T11^2),setup!$G$2) -> 121.53 | X11: =(W11*V11)^2 -> 1.5514502e+16
A12: =area!A12 -> 11 | B12: =area!B12 -> T2 | C12: =area!C12 -> THF_log | D12: =area!D12 -> THF_log_deg | E12: =area!E12 -> 3327.1233 | F12: =area!F12 -> 1919.6117 | G12: =area!G12 -> normal | H12: =area!H12 -> 0 | ... M12: =area!M12 -> 22-Tropical High Forest Degraded by logging | N12: =VLOOKUP('CALC E'!B12,time!$A$2:$D$9,2,FALSE) -> 2018 | O12: =VLOOKUP('CALC E'!B12,time!$A$2:$D$9,3,FALSE) -> 2018 | P12: =VLOOKUP('CALC E'!B12,time!$A$2:$D$9,4,FALSE) -> REF | Q12: =O12-N12+1 -> 1 | R12: =ROUND(_xlfn.T.INV.2T(1 - setup!$F$2, 10000)*F12/E12*100,setup!$G$2) -> 94.91 | S12: {=_xlfn.XLOOKUP(1, ('CALC EFRF'!$C$2:$C$74='CALC E'!C12)*('CALC EFRF'!$D$2:$D$74='CALC E'!D12),'CALC EFRF'!$I$2:$I$74)} -> 53.13 | T12: {=_xlfn.XLOOKUP(1, ('CALC EFRF'!$C$2:$C$74='CALC E'!C12)*('CALC EFRF'!$D$2:$D$74='CALC E'!D12),'CALC EFRF'!$J$2:$J$74)} -> 430.12795 | U12: =ROUND(E12*S12,setup!$G$2) -> 176770.06 | V12: =IF(setup!$E$2,'CALC E'!U12,'CALC E'!U12/'CALC E'!Q12) -> 176770.06 | W12: =ROUND(SQRT(R12^2+T12^2),setup!$G$2) -> 440.47 | X12: =(W12*V12)^2 -> 6.0624768e+15
A13: =area!A13 -> 12 | B13: =area!B13 -> T2 | C13: =area!C13 -> WD | D13: =area!D13 -> CP_p | E13: =area!E13 -> 2218.0822 | F13: =area!F13 -> 1567.8885 | G13: =area!G13 -> normal | H13: =area!H13 -> 0 | ... M13: =area!M13 -> 71-Cropland_perennial | N13: =VLOOKUP('CALC E'!B13,time!$A$2:$D$9,2,FALSE) -> 2018 | O13: =VLOOKUP('CALC E'!B13,time!$A$2:$D$9,3,FALSE) -> 2018 | P13: =VLOOKUP('CALC E'!B13,time!$A$2:$D$9,4,FALSE) -> REF | Q13: =O13-N13+1 -> 1 | R13: =ROUND(_xlfn.T.INV.2T(1 - setup!$F$2, 10000)*F13/E13*100,setup!$G$2) -> 116.28 | S13: {=_xlfn.XLOOKUP(1, ('CALC EFRF'!$C$2:$C$74='CALC E'!C13)*('CALC EFRF'!$D$2:$D$74='CALC E'!D13),'CALC EFRF'!$I$2:$I$74)} -> 28.31 | T13: {=_xlfn.XLOOKUP(1, ('CALC EFRF'!$C$2:$C$74='CALC E'!C13)*('CALC EFRF'!$D$2:$D$74='CALC E'!D13),'CALC EFRF'!$J$2:$J$74)} -> 91.474742 | U13: =ROUND(E13*S13,setup!$G$2) -> 62793.91 | V13: =IF(setup!$E$2,'CALC E'!U13,'CALC E'!U13/'CALC E'!Q13) -> 62793.91 | W13: =ROUND(SQRT(R13^2+T13^2),setup!$G$2) -> 147.95 | X13: =(W13*V13)^2 -> 8.631077e+13
... A74: =area!A74 -> 73 | B74: =area!B74 -> T8 | C74: =area!C74 -> FPnc | D74: =area!D74 -> CP_p | E74: =area!E74 -> 3406 | F74: =area!F74 -> 2363.0683 | G74: =area!G74 -> normal | H74: =area!H74 -> 0 | ... M74: =area!M74 -> 71-Cropland_perennial | N74: =VLOOKUP('CALC E'!B74,time!$A$2:$D$9,2,FALSE) -> 2024 | O74: =VLOOKUP('CALC E'!B74,time!$A$2:$D$9,3,FALSE) -> 2024 | P74: =VLOOKUP('CALC E'!B74,time!$A$2:$D$9,4,FALSE) -> MON2 | Q74: =O74-N74+1 -> 1 | R74: =ROUND(_xlfn.T.INV.2T(1 - setup!$F$2, 10000)*F74/E74*100,setup!$G$2) -> 114.13 | S74: {=_xlfn.XLOOKUP(1, ('CALC EFRF'!$C$2:$C$74='CALC E'!C74)*('CALC EFRF'!$D$2:$D$74='CALC E'!D74),'CALC EFRF'!$I$2:$I$74)} -> 196.17 | T74: {=_xlfn.XLOOKUP(1, ('CALC EFRF'!$C$2:$C$74='CALC E'!C74)*('CALC EFRF'!$D$2:$D$74='CALC E'!D74),'CALC EFRF'!$J$2:$J$74)} -> 37.861635 | U74: =ROUND(E74*S74,setup!$G$2) -> 668155.02 | V74: =IF(setup!$E$2,'CALC E'!U74,'CALC E'!U74/'CALC E'!Q74) -> 668155.02 | W74: =ROUND(SQRT(R74^2+T74^2),setup!$G$2) -> 120.25 | X74: =(W74*V74)^2 -> 6.4554221e+15

Sheet CALC ERRs
B3: period_type | C3: trans_period | D3: nb_years | E3: Sum of E_year | F3: Sum of ExUperc2 | H3: period_type | I3: trans_period | J3: nb_years | K3: Sum of E_year | L3: Sum of ExUperc2 | M3: Uperc | N3: ExY | O3: ExYxU2
B4: MON2 | C4: T7 | D4: 1 | E4: 3850691.1 | F4: 5.5915401e+16 | H4: MON2 | I4: T7 | J4: 1 | K4: 3850691.1 | L4: 5.5915401e+16 | M4: =SQRT(L4)/K4 -> 61.408295 | N4: =K4*J4 -> 3850691.1 | O4: =(N4*M4)^2 -> 5.5915401e+16
B5: MON2 | C5: T8 | D5: 1 | E5: 1785446.3 | F5: 4.5196125e+16 | H5: MON2 | I5: T8 | J5: 1 | K5: 1785446.3 | L5: 4.5196125e+16 | M5: =SQRT(L5)/K5 -> 119.0704 | N5: =K5*J5 -> 1785446.3 | O5: =(N5*M5)^2 -> 4.5196125e+16
B6: NA | C6: T6 | D6: 1 | E6: 3712732.5 | F6: 4.3212075e+16 | H6: NA | I6: T6 | J6: 1 | K6: 3712732.5 | L6: 4.3212075e+16 | M6: =SQRT(L6)/K6 -> 55.989799 | N6: =K6*J6 -> 3712732.5 | O6: =(N6*M6)^2 -> 4.3212075e+16
B7: REF | C7: T1 | D7: 1 | E7: 3487811.4 | F7: 4.9229395e+16 | H7: REF | I7: T1 | J7: 1 | K7: 3487811.4 | L7: 4.9229395e+16 | M7: =SQRT(L7)/K7 -> 63.61496 | N7: =K7*J7 -> 3487811.4 | O7: =(N7*M7)^2 -> 4.9229395e+16
B8: REF | C8: T2 | D8: 1 | E8: 4661730.1 | F8: 8.0385172e+16 | H8: REF | I8: T2 | J8: 1 | K8: 4661730.1 | L8: 8.0385172e+16 | M8: =SQRT(L8)/K8 -> 60.81922 | N8: =K8*J8 -> 4661730.1 | O8: =(N8*M8)^2 -> 8.0385172e+16
B9: REF | C9: T3 | D9: 1 | E9: 2343484.1 | F9: 2.7156434e+16 | H9: REF | I9: T3 | J9: 1 | K9: 2343484.1 | L9: 2.7156434e+16 | M9: =SQRT(L9)/K9 -> 70.319269 | N9: =K9*J9 -> 2343484.1 | O9: =(N9*M9)^2 -> 2.7156434e+16
B10: REF | C10: T4 | D10: 1 | E10: 3482918.1 | F10: 4.003036e+16 | H10: REF | I10: T4 | J10: 1 | K10: 3482918.1 | L10: 4.003036e+16 | M10: =SQRT(L10)/K10 -> 57.444902 | N10: =K10*J10 -> 3482918.1 | O10: =(N10*M10)^2 -> 4.003036e+16
B11: REF | C11: T5 | D11: 1 | E11: 4753286.5 | F11: 8.02795e+16 | H11: REF | I11: T5 | J11: 1 | K11: 4753286.5 | L11: 8.02795e+16 | M11: =SQRT(L11)/K11 -> 59.60852 | N11: =K11*J11 -> 4753286.5 | O11: =(N11*M11)^2 -> 8.02795e+16
I14: tCO2e/year | J14: U%
H15: FREL | I15: =SUM(N7:N11)/SUM(J7:J11) -> 3745846 | J15: =SQRT(SUM(O7:O11))/I15 -> 140.52492
H16: MON2 | I16: {=SUM(N4:N5/SUM(J4:J5))} -> 2818068.7 | J16: =SQRT(SUM(O4:O5))/I16 -> 112.83628
H17: ERRs | I17: =I15-I16 -> 927777.33 | J17: =SQRT((I15*J15)^2+(I16*J16)^2)/I17 -> 662.84599
I20: 927777.33
